scene,cube
cpu,Intel(R) Core(TM) i7-5960X CPU @ 3.00GHz

,mvptransform,clipping,common_setup,smalltri_setup,largetri_setup,smalltri_tile_raster,smalltri_coarse_raster,largetri_tile_raster,largetri_coarse_raster,cmdbuf_pushcmd,cmdbuf_resolve,clear
sum,0.400000,0.087000,0.549000,0.166000,1.298000,0.001000,73.757000,18.935000,1174.533000,0.930000,1.549000,233.821000
min,0.001000,0.001000,0.001000,0.001000,0.001000,0.001000,0.241000,0.005000,0.073000,0.001000,0.001000,0.525000
25th,0.001000,0.001000,0.001000,0.001000,0.003000,0.001000,0.434000,0.035000,1.359000,0.002000,0.003000,0.605000
med,0.001000,0.001000,0.002000,0.001000,0.004000,0.001000,0.536000,0.057000,2.636000,0.002000,0.004000,0.680000
75th,0.002000,0.001000,0.002000,0.002000,0.007000,0.001000,0.756000,0.107000,7.728000,0.004000,0.006000,0.788000
max,0.004000,0.003000,0.017000,0.005000,0.023000,0.001000,1.847000,0.369000,29.520000,0.012000,0.025000,1.210000
mean,0.001000,0.001000,0.001000,0.001000,0.005000,0.001000,0.664000,0.078000,4.893000,0.002000,0.004000,0.735000
sdev,0.001312,0.000684,0.002020,0.001750,0.004375,0.000000,0.379596,0.061295,4.990485,0.002791,0.003959,0.175778

frame,mvptransform,clipping,common_setup,smalltri_setup,largetri_setup,smalltri_tile_raster,smalltri_coarse_raster,largetri_tile_raster,largetri_coarse_raster,cmdbuf_pushcmd,cmdbuf_resolve,clear
0,0.001000,0.001000,0.001000,0.000000,0.003000,0.000000,0.000000,0.029000,1.271000,0.001000,0.003000,0.946000
1,0.001000,0.001000,0.002000,0.000000,0.002000,0.000000,0.000000,0.029000,1.277000,0.001000,0.003000,0.701000
2,0.001000,0.000000,0.001000,0.000000,0.003000,0.000000,0.000000,0.030000,1.284000,0.001000,0.004000,0.766000
3,0.002000,0.000000,0.001000,0.000000,0.002000,0.000000,0.000000,0.033000,1.269000,0.002000,0.003000,0.858000
4,0.001000,0.000000,0.000000,0.000000,0.003000,0.000000,0.000000,0.033000,1.248000,0.002000,0.003000,0.672000
5,0.001000,0.000000,0.002000,0.000000,0.003000,0.000000,0.000000,0.031000,1.263000,0.002000,0.005000,0.660000
6,0.001000,0.000000,0.002000,0.000000,0.002000,0.000000,0.000000,0.027000,1.262000,0.001000,0.005000,0.615000
7,0.002000,0.001000,0.002000,0.000000,0.008000,0.000000,0.000000,0.079000,3.156000,0.003000,0.009000,1.046000
8,0.000000,0.000000,0.001000,0.000000,0.004000,0.000000,0.000000,0.034000,1.593000,0.002000,0.002000,0.727000
9,0.001000,0.000000,0.002000,0.000000,0.003000,0.000000,0.000000,0.045000,1.654000,0.003000,0.004000,0.749000
10,0.001000,0.000000,0.002000,0.000000,0.003000,0.000000,0.000000,0.030000,1.336000,0.001000,0.006000,0.733000
11,0.002000,0.000000,0.000000,0.000000,0.003000,0.000000,0.000000,0.034000,1.322000,0.001000,0.004000,0.709000
12,0.001000,0.000000,0.001000,0.000000,0.003000,0.000000,0.000000,0.032000,1.330000,0.002000,0.004000,0.689000
13,0.002000,0.000000,0.000000,0.000000,0.003000,0.000000,0.000000,0.038000,1.326000,0.002000,0.005000,0.689000
14,0.003000,0.000000,0.004000,0.000000,0.007000,0.000000,0.000000,0.088000,3.318000,0.004000,0.007000,1.047000
15,0.001000,0.001000,0.001000,0.000000,0.002000,0.000000,0.000000,0.041000,1.351000,0.002000,0.003000,0.729000
16,0.003000,0.000000,0.000000,0.000000,0.002000,0.000000,0.000000,0.034000,1.347000,0.002000,0.002000,0.539000
17,0.000000,0.000000,0.001000,0.000000,0.002000,0.000000,0.000000,0.032000,1.356000,0.002000,0.003000,0.581000
18,0.000000,0.000000,0.002000,0.000000,0.002000,0.000000,0.000000,0.035000,1.401000,0.002000,0.004000,0.604000
19,0.001000,0.000000,0.000000,0.000000,0.004000,0.000000,0.000000,0.038000,1.415000,0.001000,0.004000,0.696000
20,0.001000,0.000000,0.001000,0.000000,0.003000,0.000000,0.000000,0.035000,1.407000,0.001000,0.004000,0.598000
21,0.001000,0.000000,0.001000,0.000000,0.003000,0.000000,0.000000,0.038000,1.359000,0.002000,0.002000,0.602000
22,0.003000,0.001000,0.004000,0.000000,0.007000,0.000000,0.000000,0.092000,3.582000,0.004000,0.008000,1.074000
23,0.001000,0.000000,0.002000,0.000000,0.004000,0.000000,0.000000,0.044000,1.667000,0.002000,0.004000,0.664000
24,0.001000,0.001000,0.002000,0.000000,0.003000,0.000000,0.000000,0.043000,1.747000,0.003000,0.003000,0.714000
25,0.000000,0.000000,0.002000,0.000000,0.004000,0.000000,0.000000,0.035000,1.470000,0.002000,0.004000,0.668000
26,0.003000,0.001000,0.003000,0.000000,0.008000,0.000000,0.000000,0.093000,3.725000,0.004000,0.007000,1.140000
27,0.001000,0.000000,0.002000,0.000000,0.004000,0.000000,0.000000,0.050000,2.030000,0.003000,0.004000,0.828000
28,0.000000,0.001000,0.003000,0.000000,0.005000,0.000000,0.000000,0.053000,2.056000,0.002000,0.006000,0.788000
29,0.002000,0.000000,0.002000,0.000000,0.004000,0.000000,0.000000,0.037000,1.540000,0.002000,0.004000,0.735000
30,0.001000,0.000000,0.002000,0.000000,0.002000,0.000000,0.000000,0.039000,1.531000,0.001000,0.001000,0.708000
31,0.001000,0.000000,0.002000,0.000000,0.004000,0.000000,0.000000,0.037000,1.600000,0.002000,0.003000,0.653000
32,0.001000,0.000000,0.001000,0.000000,0.004000,0.000000,0.000000,0.037000,1.609000,0.001000,0.002000,0.647000
33,0.000000,0.000000,0.002000,0.000000,0.003000,0.000000,0.000000,0.034000,1.585000,0.001000,0.003000,0.590000
34,0.003000,0.001000,0.003000,0.000000,0.009000,0.000000,0.000000,0.090000,4.126000,0.005000,0.008000,1.035000
35,0.002000,0.001000,0.003000,0.000000,0.007000,0.000000,0.000000,0.090000,4.144000,0.006000,0.006000,1.048000
36,0.001000,0.000000,0.001000,0.000000,0.003000,0.000000,0.000000,0.035000,1.931000,0.002000,0.004000,0.657000
37,0.001000,0.001000,0.002000,0.000000,0.002000,0.000000,0.000000,0.044000,1.953000,0.002000,0.003000,0.670000
38,0.001000,0.000000,0.001000,0.000000,0.002000,0.000000,0.000000,0.036000,1.774000,0.002000,0.005000,0.661000
39,0.000000,0.000000,0.002000,0.000000,0.003000,0.000000,0.000000,0.057000,1.772000,0.003000,0.004000,0.645000
40,0.002000,0.000000,0.001000,0.000000,0.004000,0.000000,0.000000,0.052000,1.973000,0.002000,0.003000,0.726000
41,0.002000,0.000000,0.003000,0.000000,0.008000,0.000000,0.000000,0.101000,4.516000,0.006000,0.008000,1.011000
42,0.003000,0.001000,0.003000,0.000000,0.008000,0.000000,0.000000,0.105000,4.691000,0.005000,0.016000,1.088000
43,0.002000,0.001000,0.000000,0.000000,0.005000,0.000000,0.000000,0.043000,1.982000,0.002000,0.003000,0.636000
44,0.001000,0.000000,0.002000,0.000000,0.003000,0.000000,0.000000,0.052000,2.058000,0.004000,0.004000,0.681000
45,0.001000,0.000000,0.001000,0.000000,0.003000,0.000000,0.000000,0.041000,1.970000,0.003000,0.005000,0.617000
46,0.001000,0.000000,0.002000,0.000000,0.003000,0.000000,0.000000,0.044000,2.151000,0.002000,0.004000,0.704000
47,0.000000,0.000000,0.001000,0.000000,0.004000,0.000000,0.000000,0.045000,2.039000,0.002000,0.004000,0.626000
48,0.001000,0.000000,0.001000,0.000000,0.004000,0.000000,0.000000,0.049000,2.129000,0.002000,0.004000,0.606000
49,0.000000,0.001000,0.001000,0.000000,0.003000,0.000000,0.000000,0.045000,2.187000,0.003000,0.003000,0.566000
50,0.003000,0.000000,0.004000,0.000000,0.010000,0.000000,0.000000,0.121000,5.699000,0.007000,0.005000,0.995000
51,0.002000,0.001000,0.002000,0.000000,0.010000,0.000000,0.000000,0.119000,5.902000,0.006000,0.007000,1.150000
52,0.001000,0.000000,0.002000,0.000000,0.004000,0.000000,0.000000,0.050000,2.501000,0.001000,0.005000,0.687000
53,0.000000,0.000000,0.002000,0.000000,0.003000,0.000000,0.000000,0.055000,2.568000,0.002000,0.004000,0.601000
54,0.001000,0.000000,0.000000,0.000000,0.005000,0.000000,0.000000,0.052000,2.566000,0.003000,0.002000,0.607000
55,0.000000,0.001000,0.001000,0.000000,0.003000,0.000000,0.000000,0.052000,2.624000,0.002000,0.003000,0.574000
56,0.002000,0.000000,0.000000,0.000000,0.005000,0.000000,0.000000,0.053000,2.647000,0.001000,0.004000,0.571000
57,0.001000,0.000000,0.001000,0.000000,0.005000,0.000000,0.000000,0.059000,2.823000,0.002000,0.005000,0.631000
58,0.001000,0.000000,0.002000,0.000000,0.003000,0.000000,0.000000,0.056000,2.894000,0.003000,0.004000,0.587000
59,0.000000,0.000000,0.002000,0.000000,0.005000,0.000000,0.000000,0.063000,2.981000,0.002000,0.006000,0.606000
60,0.000000,0.001000,0.002000,0.000000,0.005000,0.000000,0.000000,0.063000,3.105000,0.002000,0.005000,0.605000
61,0.002000,0.000000,0.001000,0.000000,0.005000,0.000000,0.000000,0.064000,3.209000,0.003000,0.005000,0.564000
62,0.001000,0.000000,0.001000,0.000000,0.005000,0.000000,0.000000,0.063000,3.325000,0.002000,0.004000,0.562000
63,0.001000,0.000000,0.002000,0.000000,0.004000,0.000000,0.000000,0.067000,3.506000,0.003000,0.005000,0.629000
64,0.000000,0.001000,0.002000,0.000000,0.005000,0.000000,0.000000,0.066000,3.662000,0.002000,0.004000,0.640000
65,0.001000,0.000000,0.002000,0.000000,0.003000,0.000000,0.000000,0.063000,3.884000,0.003000,0.003000,0.656000
66,0.001000,0.000000,0.001000,0.000000,0.005000,0.000000,0.000000,0.073000,4.067000,0.003000,0.006000,0.588000
67,0.001000,0.000000,0.002000,0.000000,0.004000,0.000000,0.000000,0.068000,4.287000,0.002000,0.004000,0.566000
68,0.001000,0.000000,0.000000,0.000000,0.007000,0.000000,0.000000,0.079000,4.573000,0.003000,0.003000,0.564000
69,0.002000,0.000000,0.001000,0.000000,0.007000,0.000000,0.000000,0.080000,4.895000,0.002000,0.003000,0.643000
70,0.002000,0.000000,0.003000,0.000000,0.015000,0.000000,0.000000,0.220000,12.974000,0.006000,0.010000,1.069000
71,0.001000,0.000000,0.001000,0.000000,0.004000,0.000000,0.000000,0.095000,5.867000,0.004000,0.007000,0.634000
72,0.001000,0.000000,0.001000,0.000000,0.006000,0.000000,0.000000,0.095000,6.722000,0.002000,0.006000,0.542000
73,0.002000,0.000000,0.000000,0.000000,0.006000,0.000000,0.000000,0.092000,7.517000,0.002000,0.007000,0.582000
74,0.001000,0.000000,0.001000,0.000000,0.007000,0.000000,0.000000,0.116000,8.752000,0.005000,0.006000,0.542000
75,0.001000,0.000000,0.001000,0.000000,0.006000,0.000000,0.000000,0.119000,10.468000,0.002000,0.005000,0.622000
76,0.001000,0.000000,0.001000,0.000000,0.005000,0.000000,0.000000,0.128000,10.821000,0.006000,0.005000,0.693000
77,0.003000,0.003000,0.005000,0.000000,0.017000,0.000000,0.000000,0.266000,21.986000,0.009000,0.013000,1.022000
78,0.001000,0.001000,0.002000,0.000000,0.009000,0.000000,0.000000,0.134000,10.450000,0.004000,0.005000,0.734000
79,0.002000,0.001000,0.001000,0.000000,0.007000,0.000000,0.000000,0.090000,7.514000,0.003000,0.004000,0.680000
80,0.000000,0.001000,0.001000,0.000000,0.005000,0.000000,0.000000,0.103000,7.577000,0.006000,0.006000,0.688000
81,0.002000,0.002000,0.004000,0.000000,0.015000,0.000000,0.000000,0.258000,19.094000,0.009000,0.013000,1.073000
82,0.001000,0.001000,0.002000,0.000000,0.009000,0.000000,0.000000,0.126000,9.547000,0.004000,0.007000,0.719000
83,0.001000,0.002000,0.001000,0.000000,0.007000,0.000000,0.000000,0.114000,8.502000,0.004000,0.006000,0.605000
84,0.000000,0.000000,0.003000,0.000000,0.004000,0.000000,0.000000,0.101000,7.728000,0.003000,0.007000,0.534000
85,0.001000,0.001000,0.001000,0.000000,0.004000,0.000000,0.000000,0.105000,8.206000,0.004000,0.005000,0.577000
86,0.001000,0.001000,0.002000,0.000000,0.008000,0.000000,0.000000,0.102000,8.832000,0.003000,0.004000,0.553000
87,0.004000,0.002000,0.005000,0.000000,0.020000,0.000000,0.000000,0.184000,13.847000,0.006000,0.009000,0.808000
88,0.002000,0.002000,0.003000,0.000000,0.011000,0.000000,0.000000,0.156000,12.803000,0.007000,0.010000,0.738000
89,0.001000,0.001000,0.002000,0.000000,0.008000,0.000000,0.000000,0.138000,10.630000,0.004000,0.008000,0.549000
90,0.001000,0.001000,0.000000,0.000000,0.007000,0.000000,0.000000,0.132000,10.410000,0.004000,0.006000,0.549000
91,0.002000,0.003000,0.003000,0.000000,0.020000,0.000000,0.000000,0.230000,17.850000,0.008000,0.009000,0.869000
92,0.001000,0.001000,0.003000,0.000000,0.010000,0.000000,0.000000,0.198000,17.239000,0.006000,0.011000,0.662000
93,0.000000,0.001000,0.001000,0.000000,0.010000,0.000000,0.000000,0.181000,15.436000,0.005000,0.007000,0.632000
94,0.001000,0.001000,0.001000,0.000000,0.011000,0.000000,0.000000,0.183000,13.861000,0.006000,0.007000,0.551000
95,0.001000,0.003000,0.003000,0.000000,0.019000,0.000000,0.000000,0.228000,16.655000,0.012000,0.025000,0.762000
96,0.001000,0.001000,0.001000,0.000000,0.010000,0.000000,0.000000,0.178000,12.969000,0.006000,0.008000,0.793000
97,0.001000,0.001000,0.003000,0.000000,0.008000,0.000000,0.000000,0.147000,11.294000,0.006000,0.005000,0.756000
98,0.000000,0.000000,0.001000,0.000000,0.007000,0.000000,0.000000,0.121000,9.833000,0.004000,0.006000,0.579000
99,0.001000,0.000000,0.001000,0.000000,0.008000,0.000000,0.000000,0.123000,9.261000,0.003000,0.005000,0.563000
100,0.001000,0.000000,0.001000,0.000000,0.006000,0.000000,0.000000,0.110000,8.694000,0.003000,0.007000,0.584000
101,0.001000,0.000000,0.001000,0.000000,0.005000,0.000000,0.000000,0.110000,7.964000,0.003000,0.004000,0.571000
102,0.000000,0.000000,0.001000,0.000000,0.005000,0.000000,0.000000,0.098000,7.324000,0.004000,0.006000,0.547000
103,0.001000,0.000000,0.001000,0.000000,0.005000,0.000000,0.000000,0.098000,6.835000,0.005000,0.005000,0.542000
104,0.002000,0.000000,0.001000,0.000000,0.004000,0.000000,0.000000,0.084000,6.357000,0.003000,0.005000,0.543000
105,0.000000,0.000000,0.001000,0.000000,0.006000,0.000000,0.000000,0.083000,6.001000,0.004000,0.004000,0.547000
106,0.002000,0.000000,0.004000,0.000000,0.012000,0.000000,0.000000,0.224000,13.864000,0.008000,0.010000,1.034000
107,0.002000,0.000000,0.001000,0.000000,0.007000,0.000000,0.000000,0.098000,6.100000,0.003000,0.005000,0.691000
108,0.001000,0.000000,0.001000,0.000000,0.008000,0.000000,0.000000,0.104000,5.537000,0.003000,0.006000,0.873000
109,0.002000,0.000000,0.001000,0.000000,0.005000,0.000000,0.000000,0.081000,4.290000,0.004000,0.004000,0.627000
110,0.001000,0.000000,0.001000,0.000000,0.005000,0.000000,0.000000,0.059000,3.988000,0.003000,0.005000,0.697000
111,0.001000,0.001000,0.001000,0.000000,0.005000,0.000000,0.000000,0.059000,3.729000,0.002000,0.004000,0.567000
112,0.001000,0.000000,0.001000,0.000000,0.004000,0.000000,0.000000,0.068000,3.456000,0.002000,0.002000,0.664000
113,0.001000,0.000000,0.000000,0.000000,0.006000,0.000000,0.000000,0.057000,3.201000,0.002000,0.004000,0.577000
114,0.001000,0.000000,0.001000,0.000000,0.004000,0.000000,0.000000,0.055000,2.971000,0.002000,0.005000,0.642000
115,0.001000,0.000000,0.000000,0.000000,0.004000,0.000000,0.000000,0.054000,2.745000,0.002000,0.003000,0.622000
116,0.000000,0.000000,0.002000,0.000000,0.005000,0.000000,0.000000,0.058000,2.548000,0.003000,0.003000,0.580000
117,0.001000,0.000000,0.001000,0.000000,0.005000,0.000000,0.000000,0.055000,2.413000,0.002000,0.004000,0.571000
118,0.001000,0.000000,0.001000,0.000000,0.005000,0.000000,0.000000,0.055000,2.235000,0.002000,0.001000,0.549000
119,0.001000,0.000000,0.002000,0.000000,0.003000,0.000000,0.000000,0.055000,2.073000,0.003000,0.002000,0.572000
120,0.000000,0.000000,0.002000,0.000000,0.004000,0.000000,0.000000,0.041000,1.941000,0.003000,0.004000,0.558000
121,0.001000,0.001000,0.001000,0.000000,0.004000,0.000000,0.000000,0.039000,1.796000,0.002000,0.005000,0.600000
122,0.001000,0.000000,0.001000,0.000000,0.003000,0.000000,0.000000,0.045000,1.722000,0.002000,0.003000,0.653000
123,0.002000,0.000000,0.001000,0.000000,0.003000,0.000000,0.000000,0.040000,1.641000,0.001000,0.003000,0.698000
124,0.001000,0.000000,0.001000,0.000000,0.003000,0.000000,0.000000,0.043000,1.528000,0.002000,0.003000,0.580000
125,0.002000,0.000000,0.002000,0.000000,0.008000,0.000000,0.000000,0.100000,3.582000,0.007000,0.005000,1.024000
126,0.000000,0.000000,0.002000,0.000000,0.004000,0.000000,0.000000,0.053000,1.707000,0.003000,0.005000,0.702000
127,0.001000,0.000000,0.001000,0.000000,0.004000,0.000000,0.000000,0.051000,1.605000,0.002000,0.006000,0.742000
128,0.002000,0.001000,0.003000,0.000000,0.009000,0.000000,0.000000,0.096000,3.093000,0.006000,0.010000,1.025000
129,0.003000,0.001000,0.003000,0.000000,0.009000,0.000000,0.000000,0.092000,2.876000,0.004000,0.006000,1.077000
130,0.003000,0.000000,0.004000,0.000000,0.010000,0.000000,0.000000,0.094000,2.950000,0.005000,0.008000,1.062000
131,0.003000,0.001000,0.004000,0.000000,0.011000,0.000000,0.000000,0.080000,2.572000,0.004000,0.009000,0.954000
132,0.001000,0.001000,0.001000,0.000000,0.006000,0.000000,0.000000,0.042000,1.282000,0.002000,0.007000,0.805000
133,0.000000,0.000000,0.002000,0.000000,0.003000,0.000000,0.000000,0.035000,1.183000,0.002000,0.003000,0.717000
134,0.001000,0.000000,0.002000,0.000000,0.002000,0.000000,0.000000,0.027000,0.926000,0.001000,0.003000,0.730000
135,0.000000,0.000000,0.002000,0.000000,0.002000,0.000000,0.000000,0.029000,0.899000,0.001000,0.002000,0.762000
136,0.000000,0.000000,0.001000,0.000000,0.003000,0.000000,0.000000,0.023000,0.860000,0.001000,0.005000,0.700000
137,0.001000,0.000000,0.001000,0.001000,0.001000,0.000000,0.294000,0.015000,0.608000,0.001000,0.002000,0.656000
138,0.003000,0.000000,0.003000,0.001000,0.005000,0.000000,0.642000,0.050000,1.379000,0.004000,0.006000,1.031000
139,0.001000,0.000000,0.001000,0.001000,0.002000,0.000000,0.276000,0.019000,0.539000,0.001000,0.005000,0.571000
140,0.001000,0.000000,0.001000,0.001000,0.002000,0.000000,0.290000,0.016000,0.470000,0.002000,0.003000,0.656000
141,0.000000,0.000000,0.001000,0.001000,0.000000,0.000000,0.273000,0.014000,0.453000,0.003000,0.003000,0.584000
142,0.001000,0.000000,0.001000,0.001000,0.002000,0.000000,0.319000,0.018000,0.443000,0.001000,0.003000,0.643000
143,0.001000,0.000000,0.002000,0.001000,0.002000,0.000000,0.395000,0.017000,0.402000,0.003000,0.001000,0.716000
144,0.000000,0.000000,0.001000,0.001000,0.002000,0.000000,0.585000,0.011000,0.245000,0.003000,0.003000,0.693000
145,0.002000,0.000000,0.001000,0.001000,0.001000,0.000000,0.728000,0.005000,0.073000,0.002000,0.002000,0.714000
146,0.002000,0.000000,0.002000,0.001000,0.000000,0.000000,0.626000,0.000000,0.000000,0.001000,0.003000,0.743000
147,0.001000,0.000000,0.002000,0.001000,0.000000,0.000000,0.593000,0.000000,0.000000,0.002000,0.002000,0.616000
148,0.000000,0.000000,0.002000,0.001000,0.000000,0.000000,0.587000,0.000000,0.000000,0.002000,0.002000,0.707000
149,0.003000,0.001000,0.003000,0.003000,0.000000,0.000000,1.354000,0.000000,0.000000,0.004000,0.004000,1.059000
150,0.001000,0.000000,0.002000,0.002000,0.000000,0.000000,0.665000,0.000000,0.000000,0.003000,0.001000,0.678000
151,0.000000,0.000000,0.002000,0.002000,0.000000,0.000000,0.659000,0.000000,0.000000,0.002000,0.004000,0.670000
152,0.003000,0.001000,0.004000,0.004000,0.000000,0.001000,1.270000,0.000000,0.000000,0.004000,0.008000,1.118000
153,0.001000,0.000000,0.002000,0.002000,0.000000,0.000000,0.695000,0.000000,0.000000,0.002000,0.004000,0.773000
154,0.000000,0.000000,0.001000,0.001000,0.000000,0.000000,0.746000,0.000000,0.000000,0.004000,0.003000,0.775000
155,0.001000,0.000000,0.000000,0.001000,0.000000,0.000000,0.459000,0.000000,0.000000,0.002000,0.002000,0.658000
156,0.001000,0.000000,0.001000,0.002000,0.000000,0.000000,0.513000,0.000000,0.000000,0.002000,0.004000,0.699000
157,0.003000,0.001000,0.004000,0.004000,0.000000,0.000000,1.277000,0.000000,0.000000,0.002000,0.008000,1.016000
158,0.000000,0.000000,0.001000,0.001000,0.000000,0.000000,0.460000,0.000000,0.000000,0.002000,0.003000,0.666000
159,0.001000,0.000000,0.001000,0.001000,0.000000,0.000000,0.490000,0.000000,0.000000,0.002000,0.003000,0.705000
160,0.001000,0.000000,0.001000,0.001000,0.000000,0.000000,0.495000,0.000000,0.000000,0.002000,0.006000,0.749000
161,0.003000,0.000000,0.004000,0.003000,0.000000,0.000000,1.307000,0.000000,0.000000,0.005000,0.005000,1.136000
162,0.001000,0.001000,0.002000,0.001000,0.000000,0.000000,0.756000,0.000000,0.000000,0.002000,0.004000,0.795000
163,0.001000,0.000000,0.001000,0.002000,0.000000,0.000000,0.760000,0.000000,0.000000,0.003000,0.003000,0.755000
164,0.001000,0.001000,0.001000,0.002000,0.000000,0.000000,0.499000,0.000000,0.000000,0.001000,0.005000,0.643000
165,0.001000,0.000000,0.002000,0.001000,0.000000,0.000000,0.510000,0.000000,0.000000,0.001000,0.005000,0.725000
166,0.001000,0.000000,0.001000,0.001000,0.000000,0.000000,0.504000,0.000000,0.000000,0.002000,0.003000,0.589000
167,0.003000,0.001000,0.004000,0.004000,0.000000,0.000000,1.511000,0.000000,0.000000,0.004000,0.006000,1.130000
168,0.000000,0.000000,0.001000,0.002000,0.000000,0.000000,0.505000,0.000000,0.000000,0.002000,0.005000,0.565000
169,0.001000,0.000000,0.001000,0.001000,0.000000,0.000000,0.536000,0.000000,0.000000,0.001000,0.002000,0.625000
170,0.001000,0.000000,0.002000,0.001000,0.000000,0.000000,0.496000,0.000000,0.000000,0.001000,0.003000,0.603000
171,0.001000,0.000000,0.002000,0.001000,0.000000,0.000000,0.434000,0.000000,0.000000,0.001000,0.002000,0.663000
172,0.000000,0.001000,0.001000,0.001000,0.000000,0.000000,0.502000,0.000000,0.000000,0.001000,0.002000,0.597000
173,0.002000,0.000000,0.004000,0.004000,0.000000,0.000000,1.278000,0.000000,0.000000,0.002000,0.006000,1.124000
174,0.001000,0.001000,0.002000,0.003000,0.000000,0.000000,1.170000,0.000000,0.000000,0.003000,0.007000,1.175000
175,0.000000,0.000000,0.002000,0.002000,0.000000,0.000000,0.558000,0.000000,0.000000,0.002000,0.004000,0.785000
176,0.001000,0.000000,0.002000,0.002000,0.000000,0.000000,0.549000,0.000000,0.000000,0.001000,0.002000,0.734000
177,0.002000,0.001000,0.003000,0.003000,0.000000,0.000000,1.177000,0.000000,0.000000,0.002000,0.007000,1.210000
178,0.003000,0.001000,0.003000,0.003000,0.000000,0.000000,1.035000,0.000000,0.000000,0.002000,0.005000,0.914000
179,0.002000,0.000000,0.001000,0.000000,0.000000,0.000000,0.491000,0.000000,0.000000,0.002000,0.003000,0.778000
180,0.001000,0.000000,0.001000,0.001000,0.000000,0.000000,0.475000,0.000000,0.000000,0.001000,0.003000,0.717000
181,0.002000,0.000000,0.001000,0.000000,0.000000,0.000000,0.471000,0.000000,0.000000,0.001000,0.003000,0.664000
182,0.001000,0.000000,0.003000,0.003000,0.000000,0.000000,1.181000,0.000000,0.000000,0.002000,0.007000,1.026000
183,0.003000,0.000000,0.003000,0.002000,0.000000,0.000000,1.191000,0.000000,0.000000,0.004000,0.008000,1.089000
184,0.001000,0.000000,0.002000,0.000000,0.000000,0.000000,0.572000,0.000000,0.000000,0.002000,0.003000,0.794000
185,0.002000,0.000000,0.004000,0.003000,0.000000,0.000000,1.188000,0.000000,0.000000,0.004000,0.005000,1.119000
186,0.003000,0.000000,0.003000,0.003000,0.000000,0.000000,1.211000,0.000000,0.000000,0.003000,0.006000,1.132000
187,0.002000,0.001000,0.003000,0.001000,0.000000,0.000000,0.966000,0.000000,0.000000,0.003000,0.004000,0.921000
188,0.002000,0.000000,0.001000,0.001000,0.000000,0.000000,0.518000,0.000000,0.000000,0.002000,0.004000,0.831000
189,0.000000,0.001000,0.001000,0.001000,0.000000,0.000000,0.509000,0.000000,0.000000,0.002000,0.002000,0.695000
190,0.002000,0.001000,0.003000,0.002000,0.000000,0.000000,1.184000,0.000000,0.000000,0.004000,0.006000,1.036000
191,0.001000,0.000000,0.001000,0.001000,0.000000,0.000000,0.592000,0.000000,0.000000,0.002000,0.001000,0.738000
192,0.001000,0.000000,0.002000,0.001000,0.000000,0.000000,0.615000,0.000000,0.000000,0.001000,0.003000,0.765000
193,0.001000,0.000000,0.001000,0.001000,0.000000,0.000000,0.475000,0.000000,0.000000,0.001000,0.003000,0.663000
194,0.001000,0.000000,0.001000,0.002000,0.000000,0.000000,0.510000,0.000000,0.000000,0.002000,0.003000,0.686000
195,0.001000,0.000000,0.002000,0.001000,0.000000,0.000000,0.517000,0.000000,0.000000,0.002000,0.003000,0.584000
196,0.001000,0.000000,0.001000,0.001000,0.000000,0.000000,0.515000,0.000000,0.000000,0.003000,0.003000,0.610000
197,0.001000,0.000000,0.017000,0.002000,0.000000,0.000000,0.594000,0.000000,0.000000,0.004000,0.005000,0.667000
198,0.001000,0.000000,0.001000,0.001000,0.000000,0.000000,0.518000,0.000000,0.000000,0.002000,0.003000,0.630000
199,0.001000,0.000000,0.001000,0.000000,0.000000,0.000000,0.522000,0.000000,0.000000,0.002000,0.003000,0.621000
200,0.000000,0.000000,0.001000,0.001000,0.000000,0.000000,0.522000,0.000000,0.000000,0.001000,0.003000,0.714000
201,0.000000,0.000000,0.001000,0.002000,0.000000,0.000000,0.525000,0.000000,0.000000,0.001000,0.003000,0.742000
202,0.001000,0.000000,0.002000,0.001000,0.000000,0.000000,0.617000,0.000000,0.000000,0.001000,0.002000,0.700000
203,0.001000,0.001000,0.003000,0.001000,0.000000,0.000000,0.665000,0.000000,0.000000,0.001000,0.004000,0.734000
204,0.001000,0.000000,0.002000,0.002000,0.000000,0.000000,0.681000,0.000000,0.000000,0.003000,0.003000,0.733000
205,0.002000,0.000000,0.000000,0.002000,0.000000,0.000000,0.651000,0.000000,0.000000,0.002000,0.002000,0.741000
206,0.001000,0.000000,0.001000,0.001000,0.000000,0.000000,0.540000,0.000000,0.000000,0.001000,0.003000,0.680000
207,0.000000,0.000000,0.001000,0.001000,0.000000,0.000000,0.528000,0.000000,0.000000,0.001000,0.003000,0.613000
208,0.001000,0.000000,0.002000,0.001000,0.000000,0.000000,0.536000,0.000000,0.000000,0.002000,0.003000,0.613000
209,0.002000,0.001000,0.003000,0.004000,0.000000,0.000000,1.847000,0.000000,0.000000,0.004000,0.006000,1.106000
210,0.002000,0.000000,0.004000,0.005000,0.000000,0.000000,1.446000,0.000000,0.000000,0.005000,0.006000,1.126000
211,0.002000,0.000000,0.002000,0.002000,0.000000,0.000000,0.874000,0.000000,0.000000,0.003000,0.004000,0.797000
212,0.001000,0.000000,0.001000,0.001000,0.000000,0.000000,0.589000,0.000000,0.000000,0.003000,0.003000,0.832000
213,0.001000,0.000000,0.001000,0.001000,0.000000,0.000000,0.679000,0.000000,0.000000,0.002000,0.003000,0.858000
214,0.002000,0.000000,0.000000,0.001000,0.000000,0.000000,0.677000,0.000000,0.000000,0.003000,0.002000,0.793000
215,0.002000,0.000000,0.001000,0.001000,0.000000,0.000000,0.841000,0.000000,0.000000,0.002000,0.003000,0.752000
216,0.003000,0.000000,0.004000,0.005000,0.000000,0.000000,1.519000,0.000000,0.000000,0.004000,0.006000,1.119000
217,0.002000,0.000000,0.003000,0.003000,0.000000,0.000000,1.517000,0.000000,0.000000,0.004000,0.007000,1.074000
218,0.002000,0.000000,0.003000,0.004000,0.000000,0.000000,1.489000,0.000000,0.000000,0.003000,0.006000,1.045000
219,0.003000,0.000000,0.003000,0.003000,0.000000,0.000000,1.387000,0.000000,0.000000,0.004000,0.009000,1.124000
220,0.003000,0.000000,0.004000,0.003000,0.000000,0.000000,1.395000,0.000000,0.000000,0.005000,0.005000,1.070000
221,0.003000,0.000000,0.004000,0.002000,0.000000,0.000000,1.548000,0.000000,0.000000,0.004000,0.009000,1.148000
222,0.001000,0.001000,0.002000,0.002000,0.000000,0.000000,0.728000,0.000000,0.000000,0.002000,0.003000,0.891000
223,0.001000,0.000000,0.002000,0.002000,0.000000,0.000000,0.731000,0.000000,0.000000,0.003000,0.003000,0.764000
224,0.001000,0.001000,0.001000,0.001000,0.001000,0.000000,0.485000,0.007000,0.140000,0.002000,0.002000,0.645000
225,0.002000,0.000000,0.003000,0.003000,0.003000,0.000000,0.825000,0.026000,0.768000,0.003000,0.009000,1.110000
226,0.002000,0.001000,0.003000,0.001000,0.004000,0.000000,0.662000,0.032000,0.925000,0.004000,0.007000,1.154000
227,0.001000,0.000000,0.001000,0.001000,0.002000,0.000000,0.288000,0.013000,0.391000,0.001000,0.005000,0.688000
228,0.001000,0.000000,0.001000,0.000000,0.001000,0.000000,0.257000,0.017000,0.421000,0.003000,0.003000,0.906000
229,0.002000,0.000000,0.002000,0.001000,0.003000,0.000000,0.370000,0.024000,0.601000,0.002000,0.005000,0.842000
230,0.001000,0.001000,0.002000,0.001000,0.003000,0.000000,0.288000,0.023000,0.538000,0.003000,0.004000,0.855000
231,0.000000,0.000000,0.002000,0.000000,0.002000,0.000000,0.257000,0.014000,0.472000,0.002000,0.005000,0.679000
232,0.001000,0.000000,0.001000,0.000000,0.001000,0.000000,0.260000,0.016000,0.472000,0.001000,0.004000,0.587000
233,0.000000,0.000000,0.001000,0.001000,0.002000,0.000000,0.263000,0.016000,0.479000,0.001000,0.003000,0.595000
234,0.001000,0.000000,0.001000,0.000000,0.002000,0.000000,0.267000,0.019000,0.476000,0.002000,0.004000,0.635000
235,0.001000,0.000000,0.001000,0.000000,0.001000,0.000000,0.274000,0.018000,0.478000,0.001000,0.003000,0.637000
236,0.001000,0.000000,0.002000,0.001000,0.001000,0.000000,0.264000,0.018000,0.474000,0.001000,0.002000,0.625000
237,0.000000,0.001000,0.002000,0.000000,0.000000,0.000000,0.264000,0.017000,0.482000,0.003000,0.003000,0.677000
238,0.000000,0.000000,0.001000,0.000000,0.002000,0.000000,0.267000,0.017000,0.482000,0.002000,0.005000,0.723000
239,0.002000,0.000000,0.001000,0.000000,0.002000,0.000000,0.271000,0.016000,0.482000,0.002000,0.001000,0.708000
240,0.002000,0.000000,0.002000,0.001000,0.001000,0.000000,0.269000,0.019000,0.490000,0.001000,0.002000,0.594000
241,0.001000,0.000000,0.002000,0.000000,0.001000,0.000000,0.241000,0.019000,0.538000,0.003000,0.001000,0.651000
242,0.001000,0.000000,0.001000,0.001000,0.001000,0.000000,0.251000,0.018000,0.551000,0.000000,0.002000,0.584000
243,0.001000,0.000000,0.002000,0.001000,0.002000,0.000000,0.273000,0.017000,0.562000,0.002000,0.003000,0.638000
244,0.001000,0.000000,0.001000,0.001000,0.001000,0.000000,0.273000,0.017000,0.604000,0.001000,0.002000,0.608000
245,0.000000,0.001000,0.001000,0.001000,0.003000,0.000000,0.252000,0.018000,0.676000,0.001000,0.003000,0.617000
246,0.001000,0.000000,0.001000,0.000000,0.002000,0.000000,0.257000,0.025000,0.702000,0.003000,0.001000,0.586000
247,0.001000,0.001000,0.002000,0.000000,0.001000,0.000000,0.254000,0.021000,0.724000,0.002000,0.003000,0.634000
248,0.001000,0.000000,0.002000,0.000000,0.002000,0.000000,0.000000,0.027000,0.912000,0.002000,0.002000,0.573000
249,0.002000,0.001000,0.003000,0.000000,0.005000,0.000000,0.000000,0.066000,2.328000,0.004000,0.007000,1.062000
250,0.002000,0.000000,0.003000,0.000000,0.006000,0.000000,0.000000,0.057000,1.967000,0.003000,0.006000,0.899000
251,0.002000,0.000000,0.002000,0.000000,0.004000,0.000000,0.000000,0.038000,1.445000,0.002000,0.003000,0.934000
252,0.001000,0.000000,0.001000,0.000000,0.004000,0.000000,0.000000,0.030000,0.974000,0.001000,0.002000,0.692000
253,0.002000,0.001000,0.002000,0.000000,0.007000,0.000000,0.000000,0.070000,2.549000,0.002000,0.008000,1.054000
254,0.001000,0.000000,0.002000,0.000000,0.002000,0.000000,0.000000,0.033000,1.193000,0.002000,0.005000,0.723000
255,0.001000,0.000000,0.001000,0.000000,0.003000,0.000000,0.000000,0.032000,1.214000,0.001000,0.004000,0.652000
256,0.001000,0.000000,0.001000,0.000000,0.004000,0.000000,0.000000,0.032000,1.122000,0.003000,0.004000,0.705000
257,0.000000,0.000000,0.001000,0.000000,0.003000,0.000000,0.000000,0.026000,1.163000,0.001000,0.003000,0.572000
258,0.001000,0.000000,0.001000,0.000000,0.002000,0.000000,0.000000,0.031000,1.215000,0.001000,0.004000,0.607000
259,0.001000,0.000000,0.002000,0.000000,0.003000,0.000000,0.000000,0.031000,1.244000,0.002000,0.003000,0.587000
260,0.001000,0.000000,0.003000,0.000000,0.003000,0.000000,0.000000,0.036000,1.339000,0.002000,0.003000,0.646000
261,0.001000,0.000000,0.001000,0.000000,0.003000,0.000000,0.000000,0.031000,1.383000,0.002000,0.006000,0.626000
262,0.002000,0.000000,0.001000,0.000000,0.002000,0.000000,0.000000,0.035000,1.413000,0.002000,0.002000,0.613000
263,0.003000,0.001000,0.003000,0.000000,0.008000,0.000000,0.000000,0.094000,3.713000,0.005000,0.006000,1.098000
264,0.003000,0.001000,0.003000,0.000000,0.008000,0.000000,0.000000,0.102000,3.904000,0.004000,0.008000,1.125000
265,0.002000,0.000000,0.002000,0.000000,0.004000,0.000000,0.000000,0.048000,1.940000,0.001000,0.004000,0.725000
266,0.001000,0.000000,0.001000,0.000000,0.005000,0.000000,0.000000,0.048000,2.014000,0.002000,0.005000,0.774000
267,0.001000,0.000000,0.001000,0.000000,0.003000,0.000000,0.000000,0.043000,1.785000,0.002000,0.003000,0.639000
268,0.001000,0.000000,0.001000,0.000000,0.003000,0.000000,0.000000,0.046000,1.951000,0.002000,0.002000,0.583000
269,0.001000,0.000000,0.000000,0.000000,0.003000,0.000000,0.000000,0.048000,2.073000,0.002000,0.001000,0.586000
270,0.001000,0.000000,0.001000,0.000000,0.004000,0.000000,0.000000,0.047000,2.165000,0.003000,0.004000,0.580000
271,0.001000,0.000000,0.001000,0.000000,0.004000,0.000000,0.000000,0.049000,2.301000,0.002000,0.003000,0.572000
272,0.001000,0.001000,0.001000,0.000000,0.003000,0.000000,0.000000,0.051000,2.469000,0.003000,0.004000,0.601000
273,0.001000,0.000000,0.002000,0.000000,0.004000,0.000000,0.000000,0.065000,2.626000,0.002000,0.002000,0.638000
274,0.002000,0.000000,0.001000,0.000000,0.005000,0.000000,0.000000,0.054000,2.829000,0.002000,0.004000,0.585000
275,0.001000,0.000000,0.002000,0.000000,0.004000,0.000000,0.000000,0.064000,3.082000,0.003000,0.003000,0.603000
276,0.001000,0.000000,0.002000,0.000000,0.003000,0.000000,0.000000,0.060000,3.339000,0.001000,0.004000,0.788000
277,0.001000,0.000000,0.001000,0.000000,0.006000,0.000000,0.000000,0.063000,3.668000,0.001000,0.005000,0.680000
278,0.002000,0.000000,0.001000,0.000000,0.003000,0.000000,0.000000,0.066000,4.028000,0.003000,0.004000,0.563000
279,0.003000,0.000000,0.003000,0.000000,0.011000,0.000000,0.000000,0.194000,11.032000,0.008000,0.009000,1.061000
280,0.003000,0.000000,0.003000,0.000000,0.016000,0.000000,0.000000,0.181000,10.174000,0.005000,0.006000,0.869000
281,0.002000,0.000000,0.001000,0.000000,0.007000,0.000000,0.000000,0.095000,5.720000,0.003000,0.006000,0.610000
282,0.001000,0.000000,0.000000,0.000000,0.005000,0.000000,0.000000,0.098000,6.304000,0.004000,0.004000,0.551000
283,0.001000,0.000000,0.001000,0.000000,0.005000,0.000000,0.000000,0.104000,7.174000,0.003000,0.004000,0.525000
284,0.001000,0.000000,0.001000,0.000000,0.006000,0.000000,0.000000,0.100000,7.278000,0.003000,0.007000,0.572000
285,0.000000,0.000000,0.000000,0.000000,0.006000,0.000000,0.000000,0.110000,7.251000,0.004000,0.004000,0.671000
286,0.001000,0.000000,0.001000,0.000000,0.004000,0.000000,0.000000,0.222000,15.028000,0.004000,0.011000,0.984000
287,0.004000,0.000000,0.003000,0.000000,0.015000,0.000000,0.000000,0.152000,10.119000,0.009000,0.008000,0.721000
288,0.001000,0.001000,0.001000,0.000000,0.007000,0.000000,0.000000,0.128000,9.179000,0.004000,0.010000,0.858000
289,0.001000,0.000000,0.002000,0.000000,0.005000,0.000000,0.000000,0.102000,7.333000,0.004000,0.006000,0.664000
290,0.001000,0.000000,0.001000,0.000000,0.005000,0.000000,0.000000,0.107000,7.438000,0.002000,0.004000,0.743000
291,0.002000,0.000000,0.004000,0.000000,0.016000,0.000000,0.000000,0.253000,18.794000,0.009000,0.014000,0.991000
292,0.002000,0.000000,0.003000,0.000000,0.018000,0.000000,0.000000,0.265000,18.930000,0.008000,0.011000,1.063000
293,0.001000,0.000000,0.002000,0.000000,0.008000,0.000000,0.000000,0.148000,10.935000,0.006000,0.006000,0.864000
294,0.001000,0.000000,0.001000,0.000000,0.007000,0.000000,0.000000,0.103000,7.750000,0.003000,0.006000,0.703000
295,0.001000,0.000000,0.001000,0.000000,0.007000,0.000000,0.000000,0.117000,7.903000,0.003000,0.007000,0.718000
296,0.003000,0.001000,0.003000,0.000000,0.017000,0.000000,0.000000,0.280000,20.034000,0.008000,0.013000,1.147000
297,0.001000,0.000000,0.002000,0.000000,0.007000,0.000000,0.000000,0.129000,9.053000,0.003000,0.005000,0.712000
298,0.001000,0.000000,0.002000,0.000000,0.007000,0.000000,0.000000,0.130000,8.953000,0.003000,0.006000,0.772000
299,0.002000,0.000000,0.001000,0.000000,0.006000,0.000000,0.000000,0.111000,8.373000,0.004000,0.005000,0.697000
300,0.001000,0.000000,0.001000,0.000000,0.008000,0.000000,0.000000,0.120000,8.605000,0.002000,0.004000,0.657000
301,0.001000,0.000000,0.001000,0.000000,0.006000,0.000000,0.000000,0.132000,8.789000,0.003000,0.005000,0.578000
302,0.000000,0.000000,0.001000,0.000000,0.007000,0.000000,0.000000,0.116000,8.962000,0.004000,0.005000,0.571000
303,0.001000,0.001000,0.002000,0.000000,0.006000,0.000000,0.000000,0.120000,9.200000,0.006000,0.005000,0.564000
304,0.001000,0.000000,0.001000,0.000000,0.008000,0.000000,0.000000,0.122000,9.566000,0.004000,0.004000,0.547000
305,0.002000,0.000000,0.001000,0.000000,0.004000,0.000000,0.000000,0.129000,9.857000,0.003000,0.004000,0.546000
306,0.002000,0.001000,0.000000,0.000000,0.008000,0.000000,0.000000,0.128000,10.169000,0.003000,0.006000,0.588000
307,0.002000,0.000000,0.001000,0.000000,0.007000,0.000000,0.000000,0.125000,10.520000,0.004000,0.006000,0.547000
308,0.002000,0.000000,0.001000,0.000000,0.009000,0.000000,0.000000,0.158000,10.674000,0.004000,0.006000,0.542000
309,0.000000,0.000000,0.001000,0.000000,0.004000,0.000000,0.000000,0.145000,11.053000,0.005000,0.004000,0.572000
310,0.001000,0.000000,0.001000,0.000000,0.007000,0.000000,0.000000,0.159000,11.690000,0.005000,0.007000,0.647000
311,0.001000,0.000000,0.001000,0.000000,0.008000,0.000000,0.000000,0.139000,12.035000,0.003000,0.006000,0.667000
312,0.002000,0.000000,0.003000,0.000000,0.023000,0.000000,0.000000,0.369000,29.520000,0.011000,0.012000,1.002000
313,0.002000,0.000000,0.002000,0.000000,0.013000,0.000000,0.000000,0.217000,18.433000,0.005000,0.012000,0.772000
314,0.001000,0.000000,0.000000,0.000000,0.010000,0.000000,0.000000,0.159000,13.476000,0.004000,0.007000,0.630000
315,0.001000,0.000000,0.002000,0.000000,0.008000,0.000000,0.000000,0.175000,14.174000,0.002000,0.008000,0.611000
316,0.000000,0.001000,0.001000,0.000000,0.007000,0.000000,0.000000,0.170000,14.521000,0.003000,0.021000,0.606000
317,0.001000,0.001000,0.002000,0.000000,0.012000,0.000000,0.000000,0.196000,15.712000,0.004000,0.009000,0.579000
