scene,teapot
cpu,Intel(R) Core(TM) i7-5960X CPU @ 3.00GHz

,mvptransform,clipping,common_setup,smalltri_setup,largetri_setup,smalltri_tile_raster,smalltri_coarse_raster,largetri_tile_raster,largetri_coarse_raster,cmdbuf_pushcmd,cmdbuf_resolve,clear
sum,359.961000,58.882000,522.776000,305.025000,0.092000,0.064000,20803.576000,0.797000,19.149000,145.480000,58.705000,188.339000
min,0.930000,0.143000,1.137000,0.445000,0.001000,0.001000,33.715000,0.001000,0.006000,0.227000,0.101000,0.463000
25th,1.005000,0.166000,1.509000,0.847000,0.001000,0.001000,45.725000,0.004000,0.073000,0.400000,0.165000,0.517000
med,1.099000,0.180000,1.591000,0.974000,0.001000,0.001000,64.961000,0.008000,0.159000,0.443000,0.184000,0.576000
75th,1.195000,0.198000,1.771000,1.073000,0.002000,0.001000,81.404000,0.015000,0.302000,0.527000,0.203000,0.656000
max,3.503000,0.291000,2.611000,1.640000,0.006000,0.010000,119.648000,0.063000,1.914000,0.784000,0.297000,0.957000
mean,1.131000,0.185000,1.643000,0.959000,0.001000,0.001000,65.420000,0.012000,0.290000,0.457000,0.184000,0.592000
sdev,0.207328,0.027156,0.269227,0.206113,0.002159,0.002192,21.071268,0.014196,0.403406,0.102127,0.036546,0.087804

frame,mvptransform,clipping,common_setup,smalltri_setup,largetri_setup,smalltri_tile_raster,smalltri_coarse_raster,largetri_tile_raster,largetri_coarse_raster,cmdbuf_pushcmd,cmdbuf_resolve,clear
0,1.039000,0.168000,1.490000,0.970000,0.000000,0.000000,49.576000,0.000000,0.000000,0.438000,0.206000,0.505000
1,1.352000,0.223000,2.060000,1.249000,0.000000,0.000000,63.371000,0.000000,0.000000,0.559000,0.235000,0.514000
2,1.262000,0.208000,1.892000,1.232000,0.000000,0.000000,66.983000,0.000000,0.000000,0.621000,0.236000,0.572000
3,1.240000,0.192000,1.864000,1.165000,0.000000,0.000000,63.351000,0.000000,0.000000,0.558000,0.209000,0.676000
4,1.116000,0.173000,1.776000,1.130000,0.000000,0.000000,56.227000,0.000000,0.000000,0.458000,0.215000,0.623000
5,1.100000,0.173000,1.718000,1.107000,0.000000,0.000000,54.519000,0.000000,0.000000,0.480000,0.205000,0.622000
6,1.138000,0.195000,1.675000,1.072000,0.000000,0.000000,54.415000,0.000000,0.000000,0.480000,0.199000,0.598000
7,1.159000,0.181000,1.709000,1.069000,0.000000,0.000000,55.606000,0.000000,0.000000,0.478000,0.207000,0.680000
8,1.195000,0.182000,1.796000,1.097000,0.000000,0.000000,62.276000,0.000000,0.000000,0.562000,0.201000,0.717000
9,1.132000,0.186000,1.743000,1.110000,0.000000,0.000000,60.078000,0.000000,0.000000,0.553000,0.209000,0.677000
10,1.097000,0.171000,1.700000,1.056000,0.000000,0.000000,54.601000,0.000000,0.000000,0.488000,0.208000,0.636000
11,1.108000,0.179000,1.742000,1.064000,0.000000,0.000000,54.701000,0.000000,0.000000,0.462000,0.217000,0.665000
12,1.645000,0.263000,2.573000,1.640000,0.000000,0.000000,89.821000,0.000000,0.000000,0.782000,0.291000,0.755000
13,1.080000,0.181000,1.787000,1.102000,0.000000,0.000000,56.714000,0.000000,0.000000,0.502000,0.210000,0.732000
14,1.487000,0.224000,2.193000,1.367000,0.000000,0.000000,76.193000,0.000000,0.000000,0.668000,0.258000,0.730000
15,1.156000,0.199000,1.792000,1.094000,0.000000,0.000000,62.607000,0.000000,0.000000,0.535000,0.196000,0.656000
16,1.145000,0.194000,1.752000,1.093000,0.000000,0.000000,61.204000,0.000000,0.000000,0.532000,0.214000,0.650000
17,1.659000,0.270000,2.611000,1.626000,0.000000,0.000000,91.854000,0.000000,0.000000,0.784000,0.297000,0.763000
18,1.168000,0.200000,1.760000,1.079000,0.000000,0.000000,65.438000,0.000000,0.000000,0.534000,0.191000,0.666000
19,1.091000,0.171000,1.744000,1.049000,0.000000,0.000000,58.432000,0.000000,0.000000,0.527000,0.221000,0.722000
20,1.433000,0.238000,2.115000,1.348000,0.000000,0.000000,76.636000,0.000000,0.000000,0.663000,0.245000,0.711000
21,1.196000,0.183000,1.761000,1.101000,0.000000,0.000000,64.563000,0.000000,0.000000,0.529000,0.214000,0.650000
22,1.260000,0.196000,1.833000,1.019000,0.000000,0.000000,65.979000,0.000000,0.000000,0.504000,0.214000,0.640000
23,1.237000,0.184000,1.753000,1.105000,0.000000,0.000000,65.322000,0.000000,0.000000,0.545000,0.210000,0.681000
24,1.135000,0.186000,1.826000,1.101000,0.000000,0.000000,63.330000,0.000000,0.000000,0.539000,0.216000,0.653000
25,1.038000,0.166000,1.609000,0.982000,0.000000,0.000000,55.672000,0.000000,0.000000,0.463000,0.193000,0.586000
26,0.983000,0.168000,1.611000,0.942000,0.000000,0.000000,52.531000,0.000000,0.000000,0.424000,0.179000,0.486000
27,1.015000,0.163000,1.572000,0.965000,0.000000,0.000000,54.521000,0.000000,0.000000,0.443000,0.180000,0.491000
28,1.040000,0.163000,1.553000,1.009000,0.000000,0.000000,53.990000,0.000000,0.000000,0.429000,0.182000,0.509000
29,1.015000,0.156000,1.512000,1.008000,0.000000,0.000000,54.092000,0.000000,0.000000,0.430000,0.177000,0.569000
30,0.996000,0.158000,1.541000,0.973000,0.000000,0.000000,54.688000,0.000000,0.000000,0.450000,0.174000,0.529000
31,1.399000,0.217000,2.112000,1.285000,0.000000,0.000000,83.317000,0.000000,0.000000,0.623000,0.240000,0.616000
32,1.456000,0.210000,2.171000,1.398000,0.000000,0.000000,86.840000,0.000000,0.000000,0.660000,0.258000,0.782000
33,1.231000,0.199000,1.762000,1.086000,0.000000,0.000000,70.553000,0.000000,0.000000,0.554000,0.206000,0.648000
34,1.490000,0.227000,2.216000,1.342000,0.000000,0.000000,87.324000,0.000000,0.000000,0.697000,0.241000,0.679000
35,1.503000,0.227000,2.213000,1.355000,0.000000,0.000000,87.387000,0.000000,0.000000,0.671000,0.248000,0.777000
36,1.190000,0.183000,1.902000,1.079000,0.000000,0.000000,73.201000,0.000000,0.000000,0.567000,0.207000,0.648000
37,1.221000,0.183000,1.818000,1.058000,0.000000,0.000000,71.475000,0.000000,0.000000,0.522000,0.208000,0.696000
38,1.214000,0.181000,1.832000,1.059000,0.000000,0.000000,72.105000,0.000000,0.000000,0.528000,0.205000,0.637000
39,1.125000,0.171000,1.833000,1.102000,0.000000,0.000000,71.712000,0.000000,0.000000,0.513000,0.216000,0.700000
40,1.034000,0.163000,1.534000,0.979000,0.000000,0.000000,59.463000,0.000000,0.000000,0.453000,0.195000,0.551000
41,0.984000,0.160000,1.560000,1.016000,0.000000,0.000000,60.466000,0.000000,0.000000,0.418000,0.184000,0.521000
42,1.035000,0.160000,1.587000,0.928000,0.000000,0.000000,61.973000,0.000000,0.000000,0.448000,0.188000,0.545000
43,1.024000,0.173000,1.576000,0.974000,0.000000,0.000000,61.360000,0.000000,0.000000,0.435000,0.167000,0.520000
44,0.984000,0.149000,1.531000,1.007000,0.000000,0.000000,62.629000,0.000000,0.000000,0.443000,0.204000,0.497000
45,1.001000,0.155000,1.537000,0.985000,0.000000,0.000000,62.723000,0.000000,0.000000,0.433000,0.190000,0.507000
46,1.001000,0.161000,1.533000,0.954000,0.000000,0.000000,63.876000,0.000000,0.000000,0.432000,0.181000,0.507000
47,1.042000,0.164000,1.538000,0.973000,0.000000,0.000000,66.392000,0.000000,0.000000,0.460000,0.179000,0.550000
48,1.034000,0.163000,1.534000,0.971000,0.000000,0.000000,66.523000,0.000000,0.000000,0.440000,0.186000,0.540000
49,1.002000,0.157000,1.560000,1.004000,0.000000,0.000000,68.388000,0.000000,0.000000,0.484000,0.183000,0.500000
50,1.030000,0.148000,1.577000,0.967000,0.000000,0.000000,68.930000,0.000000,0.000000,0.418000,0.163000,0.532000
51,0.991000,0.160000,1.557000,0.970000,0.000000,0.000000,70.331000,0.000000,0.000000,0.436000,0.190000,0.505000
52,0.998000,0.162000,1.510000,1.016000,0.000000,0.001000,72.861000,0.000000,0.000000,0.498000,0.196000,0.529000
53,1.086000,0.151000,1.520000,0.973000,0.000000,0.000000,74.300000,0.000000,0.000000,0.477000,0.188000,0.541000
54,1.064000,0.157000,1.534000,0.980000,0.000000,0.001000,74.490000,0.000000,0.000000,0.463000,0.189000,0.496000
55,0.996000,0.156000,1.540000,0.967000,0.000000,0.000000,75.387000,0.000000,0.000000,0.442000,0.201000,0.502000
56,1.019000,0.154000,1.553000,0.984000,0.000000,0.000000,77.223000,0.000000,0.000000,0.425000,0.189000,0.518000
57,1.047000,0.172000,1.562000,0.986000,0.000000,0.001000,79.129000,0.000000,0.000000,0.441000,0.182000,0.547000
58,1.328000,0.213000,2.019000,1.198000,0.000000,0.000000,104.359000,0.009000,0.182000,0.631000,0.231000,0.559000
59,1.220000,0.210000,1.810000,1.087000,0.002000,0.000000,98.021000,0.020000,0.373000,0.540000,0.212000,0.553000
60,1.020000,0.154000,1.606000,0.937000,0.002000,0.001000,81.309000,0.008000,0.220000,0.408000,0.190000,0.506000
61,1.339000,0.208000,1.972000,1.218000,0.001000,0.000000,113.716000,0.005000,0.065000,0.615000,0.238000,0.561000
62,1.191000,0.184000,1.808000,1.090000,0.000000,0.000000,103.731000,0.000000,0.000000,0.514000,0.223000,0.656000
63,1.018000,0.167000,1.530000,0.933000,0.000000,0.000000,83.670000,0.000000,0.000000,0.445000,0.201000,0.533000
64,0.995000,0.173000,1.475000,0.949000,0.000000,0.000000,82.689000,0.000000,0.000000,0.425000,0.185000,0.489000
65,0.970000,0.162000,1.527000,0.920000,0.000000,0.000000,84.552000,0.000000,0.000000,0.425000,0.185000,0.477000
66,0.974000,0.164000,1.500000,0.913000,0.000000,0.000000,85.425000,0.000000,0.000000,0.450000,0.177000,0.513000
67,1.036000,0.165000,1.540000,0.888000,0.000000,0.000000,85.893000,0.000000,0.000000,0.384000,0.176000,0.484000
68,1.040000,0.165000,1.501000,0.863000,0.000000,0.000000,88.109000,0.000000,0.000000,0.434000,0.185000,0.478000
69,1.011000,0.164000,1.529000,0.871000,0.000000,0.000000,88.044000,0.000000,0.000000,0.416000,0.169000,0.481000
70,1.015000,0.171000,1.505000,0.823000,0.000000,0.000000,87.363000,0.000000,0.000000,0.400000,0.164000,0.491000
71,1.128000,0.195000,1.713000,0.912000,0.000000,0.000000,100.380000,0.003000,0.130000,0.455000,0.203000,0.500000
72,1.219000,0.195000,1.653000,0.933000,0.002000,0.000000,114.914000,0.035000,1.168000,0.515000,0.189000,0.518000
73,1.129000,0.180000,1.730000,0.944000,0.006000,0.001000,110.871000,0.063000,1.914000,0.487000,0.198000,0.579000
74,1.077000,0.198000,1.597000,0.811000,0.003000,0.000000,102.181000,0.025000,0.724000,0.421000,0.169000,0.596000
75,0.993000,0.163000,1.487000,0.759000,0.001000,0.000000,88.438000,0.015000,0.391000,0.359000,0.149000,0.582000
76,0.947000,0.171000,1.449000,0.737000,0.002000,0.001000,84.034000,0.014000,0.324000,0.330000,0.176000,0.511000
77,0.978000,0.176000,1.394000,0.562000,0.001000,0.001000,78.066000,0.007000,0.095000,0.289000,0.135000,0.530000
78,0.973000,0.195000,1.427000,0.555000,0.000000,0.001000,77.417000,0.006000,0.073000,0.295000,0.125000,0.478000
79,1.120000,0.220000,1.483000,0.550000,0.001000,0.001000,86.919000,0.008000,0.158000,0.310000,0.132000,0.546000
80,1.021000,0.188000,1.378000,0.485000,0.001000,0.001000,73.902000,0.010000,0.160000,0.257000,0.108000,0.559000
81,0.967000,0.189000,1.316000,0.483000,0.001000,0.000000,67.119000,0.016000,0.334000,0.227000,0.101000,0.505000
82,0.940000,0.180000,1.316000,0.445000,0.002000,0.001000,66.424000,0.018000,0.412000,0.236000,0.101000,0.487000
83,1.321000,0.291000,1.602000,0.545000,0.004000,0.001000,84.281000,0.031000,0.877000,0.313000,0.109000,0.688000
84,1.123000,0.226000,1.499000,0.540000,0.004000,0.000000,79.255000,0.030000,0.736000,0.278000,0.113000,0.580000
85,0.980000,0.182000,1.284000,0.475000,0.003000,0.000000,68.596000,0.023000,0.507000,0.255000,0.116000,0.473000
86,0.983000,0.183000,1.316000,0.565000,0.003000,0.000000,71.992000,0.015000,0.302000,0.259000,0.130000,0.463000
87,1.109000,0.221000,1.450000,0.642000,0.003000,0.001000,89.338000,0.010000,0.188000,0.347000,0.125000,0.474000
88,1.339000,0.248000,1.755000,0.727000,0.002000,0.001000,107.883000,0.008000,0.126000,0.403000,0.162000,0.682000
89,1.278000,0.244000,1.778000,0.657000,0.004000,0.000000,104.666000,0.022000,0.279000,0.371000,0.146000,0.494000
90,1.052000,0.210000,1.471000,0.562000,0.002000,0.000000,83.815000,0.011000,0.170000,0.268000,0.132000,0.538000
91,1.099000,0.221000,1.498000,0.605000,0.001000,0.001000,97.025000,0.007000,0.138000,0.317000,0.134000,0.581000
92,1.249000,0.228000,1.686000,0.733000,0.001000,0.001000,119.648000,0.008000,0.143000,0.400000,0.165000,0.768000
93,1.156000,0.210000,1.539000,0.685000,0.001000,0.000000,99.133000,0.007000,0.144000,0.400000,0.146000,0.661000
94,1.151000,0.220000,1.520000,0.653000,0.000000,0.001000,91.373000,0.002000,0.046000,0.376000,0.131000,0.680000
95,1.153000,0.226000,1.423000,0.648000,0.000000,0.001000,90.813000,0.000000,0.000000,0.371000,0.129000,0.639000
96,0.980000,0.190000,1.199000,0.598000,0.000000,0.000000,68.781000,0.005000,0.084000,0.275000,0.142000,0.624000
97,0.955000,0.190000,1.195000,0.586000,0.000000,0.000000,67.902000,0.003000,0.084000,0.279000,0.119000,0.509000
98,1.008000,0.177000,1.273000,0.598000,0.001000,0.000000,68.824000,0.005000,0.065000,0.276000,0.122000,0.499000
99,1.009000,0.183000,1.180000,0.594000,0.001000,0.000000,68.607000,0.009000,0.166000,0.310000,0.136000,0.534000
100,0.932000,0.175000,1.248000,0.617000,0.002000,0.000000,69.838000,0.006000,0.133000,0.324000,0.121000,0.548000
101,0.990000,0.182000,1.263000,0.671000,0.000000,0.000000,72.440000,0.003000,0.040000,0.312000,0.132000,0.549000
102,0.948000,0.171000,1.293000,0.671000,0.001000,0.000000,73.054000,0.003000,0.148000,0.332000,0.148000,0.499000
103,1.006000,0.198000,1.364000,0.699000,0.001000,0.000000,75.495000,0.012000,0.228000,0.336000,0.133000,0.515000
104,0.975000,0.177000,1.352000,0.693000,0.001000,0.000000,75.483000,0.007000,0.206000,0.353000,0.160000,0.498000
105,0.946000,0.189000,1.364000,0.699000,0.001000,0.009000,76.190000,0.019000,0.434000,0.348000,0.146000,0.475000
106,0.962000,0.177000,1.371000,0.728000,0.001000,0.000000,76.946000,0.017000,0.400000,0.358000,0.152000,0.544000
107,0.930000,0.173000,1.456000,0.750000,0.005000,0.000000,77.764000,0.062000,1.465000,0.361000,0.152000,0.483000
108,0.989000,0.178000,1.428000,0.723000,0.001000,0.000000,79.612000,0.006000,0.208000,0.370000,0.163000,0.492000
109,0.960000,0.185000,1.476000,0.751000,0.000000,0.000000,77.287000,0.000000,0.000000,0.403000,0.180000,0.504000
110,1.233000,0.197000,1.808000,0.896000,0.000000,0.000000,97.715000,0.000000,0.000000,0.527000,0.190000,0.635000
111,1.324000,0.231000,2.009000,1.028000,0.000000,0.000000,99.327000,0.000000,0.000000,0.501000,0.204000,0.563000
112,1.316000,0.228000,2.027000,1.066000,0.000000,0.000000,108.518000,0.000000,0.000000,0.570000,0.226000,0.768000
113,1.212000,0.202000,1.741000,0.955000,0.000000,0.000000,94.312000,0.000000,0.000000,0.490000,0.201000,0.616000
114,1.192000,0.195000,1.776000,1.004000,0.000000,0.000000,96.215000,0.000000,0.000000,0.521000,0.194000,0.644000
115,1.046000,0.169000,1.572000,0.958000,0.000000,0.000000,86.367000,0.000000,0.000000,0.463000,0.192000,0.568000
116,1.213000,0.170000,1.747000,1.077000,0.000000,0.000000,95.744000,0.000000,0.000000,0.548000,0.229000,0.525000
117,1.205000,0.200000,1.822000,1.066000,0.000000,0.000000,101.029000,0.000000,0.000000,0.562000,0.212000,0.586000
118,1.367000,0.226000,1.899000,1.245000,0.000000,0.000000,105.589000,0.000000,0.000000,0.647000,0.244000,0.746000
119,1.125000,0.181000,1.693000,1.109000,0.000000,0.000000,81.625000,0.000000,0.000000,0.502000,0.215000,0.633000
120,1.132000,0.175000,1.714000,1.088000,0.000000,0.000000,77.392000,0.000000,0.000000,0.464000,0.220000,0.633000
121,1.428000,0.230000,2.072000,1.275000,0.000000,0.000000,100.591000,0.000000,0.000000,0.638000,0.253000,0.651000
122,1.169000,0.175000,1.667000,1.135000,0.000000,0.000000,81.408000,0.000000,0.000000,0.575000,0.214000,0.671000
123,1.165000,0.169000,1.773000,1.129000,0.000000,0.000000,77.613000,0.000000,0.000000,0.574000,0.210000,0.650000
124,1.192000,0.179000,1.768000,1.052000,0.000000,0.000000,73.549000,0.000000,0.000000,0.529000,0.203000,0.630000
125,1.070000,0.170000,1.772000,1.103000,0.000000,0.000000,67.116000,0.000000,0.000000,0.522000,0.208000,0.635000
126,1.408000,0.225000,2.107000,1.282000,0.000000,0.000000,84.412000,0.000000,0.000000,0.635000,0.249000,0.704000
127,1.217000,0.188000,1.756000,1.135000,0.000000,0.000000,69.675000,0.000000,0.000000,0.548000,0.203000,0.655000
128,1.209000,0.177000,1.817000,1.122000,0.000000,0.000000,68.260000,0.000000,0.000000,0.545000,0.194000,0.659000
129,1.168000,0.182000,1.753000,1.081000,0.000000,0.000000,62.706000,0.000000,0.000000,0.533000,0.199000,0.660000
130,1.176000,0.191000,1.821000,1.081000,0.000000,0.000000,65.295000,0.000000,0.000000,0.561000,0.204000,0.691000
131,1.426000,0.237000,2.214000,1.288000,0.000000,0.000000,78.338000,0.000000,0.000000,0.702000,0.252000,0.750000
132,1.187000,0.191000,1.795000,1.055000,0.000000,0.000000,63.086000,0.000000,0.000000,0.600000,0.197000,0.676000
133,1.227000,0.194000,1.790000,1.090000,0.000000,0.000000,62.077000,0.000000,0.000000,0.534000,0.225000,0.654000
134,1.376000,0.220000,2.105000,1.253000,0.000000,0.000000,69.066000,0.000000,0.000000,0.647000,0.235000,0.792000
135,1.598000,0.266000,2.316000,1.427000,0.000000,0.000000,70.997000,0.000000,0.000000,0.695000,0.265000,0.957000
136,3.503000,0.230000,2.103000,1.277000,0.000000,0.000000,68.480000,0.000000,0.000000,0.613000,0.242000,0.779000
137,1.327000,0.218000,2.016000,1.176000,0.000000,0.000000,61.783000,0.000000,0.000000,0.547000,0.221000,0.708000
138,1.136000,0.181000,1.811000,1.082000,0.000000,0.000000,53.046000,0.000000,0.000000,0.543000,0.203000,0.657000
139,1.101000,0.170000,1.801000,1.049000,0.000000,0.000000,46.827000,0.000000,0.000000,0.457000,0.194000,0.656000
140,1.468000,0.232000,2.186000,1.218000,0.000000,0.000000,62.166000,0.000000,0.000000,0.577000,0.244000,0.791000
141,1.163000,0.174000,1.824000,1.067000,0.000000,0.000000,51.991000,0.000000,0.000000,0.527000,0.179000,0.669000
142,1.227000,0.195000,1.741000,1.053000,0.000000,0.000000,49.968000,0.000000,0.000000,0.509000,0.201000,0.657000
143,1.149000,0.186000,1.741000,1.083000,0.000000,0.000000,46.619000,0.000000,0.000000,0.522000,0.187000,0.662000
144,1.146000,0.185000,1.788000,1.116000,0.000000,0.000000,48.173000,0.000000,0.000000,0.516000,0.191000,0.757000
145,1.260000,0.180000,1.670000,1.028000,0.000000,0.000000,47.584000,0.000000,0.000000,0.534000,0.202000,0.663000
146,1.101000,0.176000,1.598000,0.965000,0.000000,0.000000,39.333000,0.000000,0.000000,0.416000,0.173000,0.605000
147,1.007000,0.153000,1.586000,0.933000,0.000000,0.000000,36.304000,0.000000,0.000000,0.406000,0.162000,0.525000
148,0.968000,0.146000,1.551000,0.928000,0.000000,0.000000,35.380000,0.000000,0.000000,0.402000,0.182000,0.521000
149,1.025000,0.154000,1.515000,0.952000,0.000000,0.000000,35.115000,0.000000,0.000000,0.400000,0.176000,0.570000
150,0.988000,0.162000,1.539000,0.968000,0.000000,0.000000,35.483000,0.000000,0.000000,0.421000,0.171000,0.600000
151,1.559000,0.240000,2.362000,1.428000,0.000000,0.000000,52.545000,0.000000,0.000000,0.585000,0.275000,0.560000
152,1.120000,0.177000,1.709000,1.052000,0.000000,0.000000,37.337000,0.000000,0.000000,0.432000,0.196000,0.570000
153,1.114000,0.166000,1.706000,1.051000,0.000000,0.000000,36.909000,0.000000,0.000000,0.434000,0.178000,0.606000
154,1.098000,0.188000,1.703000,1.056000,0.000000,0.000000,36.809000,0.000000,0.000000,0.443000,0.193000,0.636000
155,1.155000,0.172000,1.648000,1.048000,0.000000,0.000000,36.311000,0.000000,0.000000,0.409000,0.184000,0.638000
156,1.118000,0.169000,1.683000,1.052000,0.000000,0.000000,36.321000,0.000000,0.000000,0.436000,0.187000,0.644000
157,1.094000,0.178000,1.695000,1.022000,0.000000,0.000000,36.477000,0.000000,0.000000,0.443000,0.188000,0.691000
158,1.277000,0.200000,2.027000,1.193000,0.000000,0.000000,43.532000,0.000000,0.000000,0.502000,0.211000,0.678000
159,0.964000,0.162000,1.609000,0.965000,0.000000,0.000000,35.799000,0.000000,0.000000,0.404000,0.161000,0.565000
160,1.030000,0.187000,1.515000,0.915000,0.000000,0.000000,34.177000,0.000000,0.000000,0.413000,0.177000,0.542000
161,0.954000,0.155000,1.572000,0.945000,0.000000,0.000000,33.921000,0.000000,0.000000,0.380000,0.173000,0.537000
162,1.011000,0.143000,1.567000,0.965000,0.000000,0.000000,34.238000,0.000000,0.000000,0.393000,0.152000,0.531000
163,1.012000,0.165000,1.516000,0.939000,0.000000,0.000000,33.715000,0.000000,0.000000,0.387000,0.168000,0.514000
164,0.999000,0.166000,1.556000,0.950000,0.000000,0.000000,34.343000,0.000000,0.000000,0.412000,0.188000,0.521000
165,0.999000,0.178000,1.548000,0.911000,0.000000,0.000000,33.918000,0.000000,0.000000,0.411000,0.162000,0.502000
166,1.032000,0.171000,1.554000,0.930000,0.000000,0.000000,34.307000,0.000000,0.000000,0.400000,0.166000,0.499000
167,1.014000,0.162000,1.584000,0.940000,0.000000,0.000000,34.010000,0.000000,0.000000,0.407000,0.178000,0.582000
168,1.052000,0.177000,1.630000,0.953000,0.000000,0.000000,34.663000,0.000000,0.000000,0.390000,0.172000,0.593000
169,1.056000,0.156000,1.578000,0.909000,0.000000,0.000000,34.157000,0.000000,0.000000,0.414000,0.163000,0.581000
170,1.039000,0.175000,1.537000,0.972000,0.000000,0.000000,34.385000,0.000000,0.000000,0.426000,0.174000,0.563000
171,1.025000,0.171000,1.601000,0.967000,0.000000,0.000000,35.643000,0.000000,0.000000,0.428000,0.175000,0.543000
172,1.028000,0.149000,1.579000,0.930000,0.000000,0.000000,34.229000,0.000000,0.000000,0.402000,0.178000,0.518000
173,1.406000,0.215000,2.123000,1.303000,0.000000,0.000000,47.093000,0.000000,0.000000,0.569000,0.250000,0.582000
174,1.373000,0.212000,2.120000,1.276000,0.000000,0.000000,46.488000,0.000000,0.000000,0.570000,0.235000,0.546000
175,1.123000,0.183000,1.795000,1.003000,0.000000,0.000000,38.971000,0.000000,0.000000,0.441000,0.195000,0.674000
176,1.144000,0.205000,1.757000,1.084000,0.000000,0.000000,41.584000,0.000000,0.000000,0.511000,0.178000,0.610000
177,1.157000,0.190000,1.730000,1.066000,0.000000,0.000000,42.383000,0.000000,0.000000,0.532000,0.183000,0.576000
178,1.498000,0.236000,2.211000,1.304000,0.000000,0.000000,51.505000,0.000000,0.000000,0.663000,0.240000,0.673000
179,1.197000,0.177000,1.728000,1.031000,0.000000,0.000000,41.187000,0.000000,0.000000,0.467000,0.190000,0.653000
180,1.147000,0.178000,1.770000,1.021000,0.000000,0.000000,41.912000,0.000000,0.000000,0.518000,0.188000,0.635000
181,1.295000,0.213000,1.955000,1.224000,0.000000,0.000000,47.982000,0.000000,0.000000,0.593000,0.208000,0.793000
182,1.158000,0.181000,1.762000,1.071000,0.000000,0.000000,40.839000,0.000000,0.000000,0.465000,0.201000,0.653000
183,1.104000,0.175000,1.801000,1.099000,0.000000,0.000000,42.243000,0.000000,0.000000,0.519000,0.190000,0.657000
184,1.412000,0.222000,2.174000,1.272000,0.000000,0.000000,52.793000,0.000000,0.000000,0.636000,0.225000,0.720000
185,1.165000,0.180000,1.728000,1.015000,0.000000,0.000000,41.190000,0.000000,0.000000,0.502000,0.199000,0.745000
186,1.466000,0.237000,2.255000,1.355000,0.000000,0.000000,53.655000,0.000000,0.000000,0.614000,0.238000,0.710000
187,1.134000,0.178000,1.763000,1.089000,0.000000,0.000000,42.121000,0.000000,0.000000,0.531000,0.181000,0.666000
188,1.170000,0.193000,1.904000,0.947000,0.000000,0.000000,43.924000,0.000000,0.000000,0.519000,0.189000,0.646000
189,1.216000,0.210000,1.729000,0.997000,0.000000,0.000000,42.293000,0.000000,0.000000,0.490000,0.179000,0.632000
190,1.162000,0.195000,1.836000,1.003000,0.000000,0.000000,44.048000,0.000000,0.000000,0.531000,0.184000,0.655000
191,1.184000,0.198000,1.845000,1.045000,0.000000,0.000000,44.553000,0.000000,0.000000,0.505000,0.195000,0.653000
192,1.142000,0.182000,1.797000,1.015000,0.000000,0.000000,41.140000,0.000000,0.000000,0.515000,0.197000,0.647000
193,1.486000,0.244000,2.260000,1.340000,0.000000,0.000000,53.857000,0.000000,0.000000,0.628000,0.234000,0.804000
194,1.674000,0.260000,2.338000,1.347000,0.000000,0.000000,56.122000,0.000000,0.000000,0.685000,0.246000,0.801000
195,1.170000,0.192000,1.796000,1.047000,0.000000,0.000000,43.560000,0.000000,0.000000,0.539000,0.185000,0.675000
196,1.134000,0.172000,1.715000,1.093000,0.000000,0.000000,39.336000,0.000000,0.000000,0.464000,0.186000,0.665000
197,1.636000,0.252000,2.375000,1.432000,0.000000,0.000000,57.677000,0.000000,0.000000,0.689000,0.265000,0.736000
198,1.184000,0.195000,1.711000,1.074000,0.000000,0.000000,42.639000,0.000000,0.000000,0.537000,0.185000,0.616000
199,1.175000,0.182000,1.693000,0.978000,0.000000,0.000000,37.366000,0.000000,0.000000,0.425000,0.191000,0.747000
200,1.210000,0.190000,1.732000,1.007000,0.000000,0.000000,43.991000,0.000000,0.000000,0.537000,0.195000,0.664000
201,1.110000,0.194000,1.753000,1.081000,0.000000,0.000000,43.326000,0.000000,0.000000,0.529000,0.193000,0.666000
202,1.144000,0.168000,1.732000,0.998000,0.000000,0.000000,39.722000,0.000000,0.000000,0.452000,0.207000,0.632000
203,1.126000,0.172000,1.771000,1.073000,0.000000,0.000000,39.288000,0.000000,0.000000,0.445000,0.195000,0.673000
204,1.224000,0.195000,1.758000,1.086000,0.000000,0.000000,44.580000,0.000000,0.000000,0.516000,0.188000,0.672000
205,1.195000,0.183000,1.790000,1.060000,0.000000,0.000000,45.241000,0.000000,0.000000,0.512000,0.191000,0.652000
206,1.169000,0.173000,1.837000,1.044000,0.000000,0.000000,44.494000,0.000000,0.000000,0.504000,0.181000,0.640000
207,1.571000,0.251000,2.310000,1.357000,0.000000,0.000000,60.096000,0.000000,0.000000,0.698000,0.255000,0.764000
208,1.254000,0.195000,1.668000,1.048000,0.000000,0.000000,45.725000,0.000000,0.000000,0.506000,0.187000,0.718000
209,1.168000,0.194000,1.752000,1.016000,0.000000,0.000000,45.500000,0.000000,0.000000,0.554000,0.200000,0.652000
210,1.222000,0.179000,1.719000,1.049000,0.000000,0.000000,44.770000,0.000000,0.000000,0.504000,0.183000,0.677000
211,1.171000,0.217000,1.739000,1.026000,0.000000,0.000000,47.027000,0.000000,0.000000,0.548000,0.195000,0.634000
212,1.203000,0.179000,1.728000,1.045000,0.000000,0.000000,46.225000,0.000000,0.000000,0.562000,0.196000,0.670000
213,1.163000,0.187000,1.684000,1.061000,0.000000,0.000000,44.259000,0.000000,0.000000,0.506000,0.177000,0.711000
214,1.233000,0.166000,1.715000,1.042000,0.000000,0.000000,45.857000,0.000000,0.000000,0.521000,0.182000,0.641000
215,1.029000,0.168000,1.575000,0.944000,0.000000,0.000000,37.125000,0.000000,0.000000,0.407000,0.176000,0.595000
216,1.005000,0.152000,1.551000,0.928000,0.000000,0.000000,36.303000,0.000000,0.000000,0.411000,0.177000,0.488000
217,1.012000,0.164000,1.614000,0.924000,0.000000,0.000000,37.603000,0.000000,0.000000,0.418000,0.173000,0.527000
218,0.997000,0.173000,1.490000,0.916000,0.000000,0.000000,37.218000,0.000000,0.000000,0.425000,0.162000,0.547000
219,0.977000,0.151000,1.569000,0.935000,0.000000,0.000000,36.591000,0.000000,0.000000,0.403000,0.196000,0.513000
220,1.003000,0.164000,1.536000,0.948000,0.000000,0.000000,37.803000,0.000000,0.000000,0.407000,0.155000,0.525000
221,1.000000,0.162000,1.494000,0.947000,0.000000,0.000000,37.241000,0.000000,0.000000,0.400000,0.171000,0.495000
222,1.015000,0.155000,1.559000,0.912000,0.000000,0.000000,38.051000,0.000000,0.000000,0.386000,0.180000,0.500000
223,0.998000,0.153000,1.563000,0.948000,0.000000,0.000000,37.567000,0.000000,0.000000,0.389000,0.175000,0.499000
224,1.001000,0.160000,1.527000,0.942000,0.000000,0.000000,38.331000,0.000000,0.000000,0.403000,0.159000,0.496000
225,1.041000,0.161000,1.536000,0.940000,0.000000,0.000000,38.762000,0.000000,0.000000,0.423000,0.170000,0.541000
226,0.980000,0.154000,1.581000,0.967000,0.000000,0.000000,38.617000,0.000000,0.000000,0.405000,0.171000,0.576000
227,0.999000,0.155000,1.508000,0.923000,0.000000,0.000000,38.374000,0.000000,0.000000,0.404000,0.199000,0.510000
228,1.015000,0.171000,1.551000,0.902000,0.000000,0.000000,40.169000,0.000000,0.000000,0.430000,0.159000,0.530000
229,1.030000,0.156000,1.543000,0.922000,0.000000,0.000000,39.517000,0.000000,0.000000,0.412000,0.163000,0.544000
230,1.008000,0.153000,1.559000,0.945000,0.000000,0.000000,40.049000,0.000000,0.000000,0.410000,0.166000,0.552000
231,1.381000,0.205000,2.149000,1.260000,0.000000,0.000000,60.395000,0.000000,0.000000,0.622000,0.243000,0.587000
232,1.217000,0.199000,1.745000,1.023000,0.000000,0.000000,50.074000,0.000000,0.000000,0.548000,0.216000,0.603000
233,1.132000,0.198000,1.762000,1.120000,0.000000,0.000000,48.863000,0.000000,0.000000,0.515000,0.191000,0.652000
234,1.199000,0.169000,1.851000,1.097000,0.000000,0.000000,52.047000,0.000000,0.000000,0.528000,0.186000,0.665000
235,1.381000,0.211000,2.012000,1.233000,0.000000,0.000000,56.631000,0.000000,0.000000,0.561000,0.231000,0.688000
236,1.209000,0.197000,1.675000,1.059000,0.000000,0.000000,49.835000,0.000000,0.000000,0.527000,0.194000,0.654000
237,1.201000,0.190000,1.745000,1.045000,0.000000,0.000000,50.641000,0.000000,0.000000,0.505000,0.193000,0.641000
238,1.058000,0.162000,1.613000,0.949000,0.000000,0.000000,42.907000,0.000000,0.000000,0.415000,0.169000,0.585000
239,1.061000,0.164000,1.595000,0.960000,0.000000,0.000000,43.141000,0.000000,0.000000,0.422000,0.165000,0.535000
240,1.035000,0.164000,1.579000,0.985000,0.000000,0.000000,42.324000,0.000000,0.000000,0.420000,0.180000,0.551000
241,0.984000,0.153000,1.509000,0.939000,0.000000,0.000000,43.370000,0.000000,0.000000,0.411000,0.183000,0.512000
242,0.992000,0.161000,1.497000,0.944000,0.000000,0.000000,43.505000,0.000000,0.000000,0.395000,0.159000,0.521000
243,1.026000,0.149000,1.525000,0.981000,0.000000,0.000000,45.081000,0.000000,0.000000,0.420000,0.177000,0.553000
244,1.029000,0.160000,1.528000,0.930000,0.000000,0.000000,45.344000,0.000000,0.000000,0.431000,0.184000,0.545000
245,1.002000,0.154000,1.512000,0.928000,0.000000,0.000000,44.708000,0.000000,0.000000,0.410000,0.170000,0.517000
246,1.018000,0.153000,1.534000,0.988000,0.000000,0.000000,45.232000,0.000000,0.000000,0.420000,0.182000,0.501000
247,0.999000,0.156000,1.531000,1.002000,0.000000,0.000000,46.396000,0.000000,0.000000,0.438000,0.187000,0.569000
248,0.973000,0.163000,1.552000,0.953000,0.000000,0.000000,45.801000,0.000000,0.000000,0.427000,0.179000,0.526000
249,1.554000,0.225000,2.311000,1.358000,0.000000,0.000000,75.579000,0.000000,0.000000,0.674000,0.262000,0.642000
250,1.180000,0.200000,1.765000,1.035000,0.000000,0.000000,57.565000,0.000000,0.000000,0.510000,0.212000,0.610000
251,1.214000,0.199000,1.742000,1.028000,0.000000,0.000000,61.270000,0.000000,0.000000,0.515000,0.207000,0.669000
252,1.215000,0.197000,1.828000,1.035000,0.000000,0.000000,62.324000,0.000000,0.000000,0.538000,0.192000,0.657000
253,1.151000,0.189000,1.768000,1.075000,0.000000,0.000000,59.033000,0.000000,0.000000,0.485000,0.204000,0.608000
254,1.204000,0.177000,1.839000,1.098000,0.000000,0.000000,65.205000,0.000000,0.000000,0.542000,0.209000,0.688000
255,1.048000,0.182000,1.628000,1.006000,0.000000,0.000000,55.140000,0.000000,0.000000,0.445000,0.182000,0.585000
256,1.048000,0.174000,1.538000,0.983000,0.000000,0.000000,53.358000,0.000000,0.000000,0.426000,0.195000,0.559000
257,1.016000,0.163000,1.558000,0.961000,0.000000,0.000000,55.702000,0.000000,0.000000,0.414000,0.181000,0.537000
258,1.004000,0.156000,1.551000,0.967000,0.000000,0.000000,54.918000,0.000000,0.000000,0.438000,0.173000,0.507000
259,1.033000,0.153000,1.519000,0.978000,0.000000,0.000000,56.385000,0.000000,0.000000,0.454000,0.174000,0.559000
260,1.032000,0.158000,1.559000,0.974000,0.000000,0.000000,58.050000,0.000000,0.000000,0.431000,0.182000,0.546000
261,0.997000,0.163000,1.527000,0.991000,0.000000,0.000000,58.679000,0.000000,0.000000,0.441000,0.164000,0.543000
262,1.089000,0.153000,1.543000,0.967000,0.000000,0.000000,62.623000,0.000000,0.000000,0.463000,0.183000,0.543000
263,1.005000,0.153000,1.525000,0.974000,0.000000,0.000000,61.190000,0.000000,0.000000,0.438000,0.186000,0.511000
264,1.019000,0.152000,1.539000,0.966000,0.000000,0.000000,64.717000,0.000000,0.000000,0.451000,0.193000,0.508000
265,0.992000,0.154000,1.542000,0.996000,0.000000,0.000000,66.463000,0.000000,0.000000,0.437000,0.196000,0.545000
266,1.018000,0.164000,1.540000,1.019000,0.000000,0.000000,69.511000,0.000000,0.000000,0.473000,0.185000,0.502000
267,1.033000,0.168000,1.522000,1.015000,0.000000,0.000000,72.066000,0.000000,0.000000,0.467000,0.168000,0.528000
268,1.040000,0.163000,1.519000,0.955000,0.000000,0.000000,72.082000,0.000000,0.000000,0.449000,0.194000,0.505000
269,1.010000,0.157000,1.549000,0.907000,0.000000,0.000000,72.704000,0.000000,0.000000,0.424000,0.166000,0.503000
270,1.302000,0.190000,1.959000,1.153000,0.000000,0.000000,93.524000,0.000000,0.000000,0.528000,0.215000,0.581000
271,1.175000,0.196000,1.783000,1.001000,0.000000,0.000000,86.447000,0.000000,0.000000,0.480000,0.210000,0.641000
272,1.040000,0.180000,1.472000,0.846000,0.000000,0.000000,71.543000,0.000000,0.000000,0.398000,0.171000,0.529000
273,0.975000,0.183000,1.448000,0.838000,0.000000,0.000000,68.291000,0.000000,0.000000,0.376000,0.166000,0.560000
274,1.053000,0.174000,1.470000,0.790000,0.000000,0.000000,70.324000,0.000000,0.000000,0.362000,0.168000,0.494000
275,1.015000,0.151000,1.423000,0.809000,0.000000,0.000000,70.751000,0.000000,0.000000,0.371000,0.155000,0.516000
276,1.000000,0.194000,1.360000,0.767000,0.000000,0.000000,71.026000,0.000000,0.000000,0.378000,0.151000,0.478000
277,0.985000,0.166000,1.392000,0.753000,0.000000,0.000000,73.314000,0.000000,0.000000,0.391000,0.172000,0.526000
278,0.956000,0.166000,1.366000,0.741000,0.000000,0.001000,75.745000,0.002000,0.070000,0.351000,0.147000,0.525000
279,1.003000,0.178000,1.343000,0.758000,0.004000,0.000000,80.059000,0.041000,1.365000,0.392000,0.158000,0.513000
280,0.959000,0.178000,1.357000,0.738000,0.006000,0.000000,82.138000,0.063000,1.769000,0.361000,0.166000,0.491000
281,0.991000,0.167000,1.293000,0.725000,0.001000,0.000000,86.818000,0.008000,0.292000,0.409000,0.149000,0.498000
282,1.126000,0.206000,1.460000,0.801000,0.001000,0.000000,100.510000,0.001000,0.027000,0.443000,0.169000,0.528000
283,1.161000,0.213000,1.524000,0.871000,0.001000,0.002000,106.676000,0.005000,0.101000,0.404000,0.185000,0.741000
284,0.984000,0.178000,1.249000,0.700000,0.001000,0.000000,82.700000,0.003000,0.094000,0.318000,0.133000,0.493000
285,1.006000,0.177000,1.282000,0.683000,0.001000,0.000000,84.204000,0.008000,0.168000,0.324000,0.152000,0.514000
286,0.991000,0.165000,1.259000,0.690000,0.001000,0.000000,82.945000,0.009000,0.169000,0.323000,0.151000,0.492000
287,1.021000,0.166000,1.253000,0.694000,0.002000,0.000000,83.214000,0.007000,0.160000,0.333000,0.141000,0.471000
288,0.954000,0.165000,1.250000,0.700000,0.000000,0.001000,81.413000,0.010000,0.149000,0.334000,0.141000,0.512000
289,0.967000,0.177000,1.226000,0.706000,0.002000,0.001000,82.882000,0.011000,0.170000,0.344000,0.141000,0.482000
290,0.966000,0.167000,1.252000,0.689000,0.002000,0.001000,81.404000,0.008000,0.171000,0.320000,0.149000,0.480000
291,0.966000,0.179000,1.257000,0.690000,0.001000,0.001000,83.459000,0.007000,0.136000,0.350000,0.144000,0.477000
292,0.982000,0.163000,1.245000,0.669000,0.001000,0.010000,81.635000,0.005000,0.077000,0.331000,0.144000,0.524000
293,0.976000,0.158000,1.243000,0.723000,0.000000,0.001000,81.666000,0.003000,0.044000,0.308000,0.170000,0.474000
294,1.009000,0.167000,1.224000,0.689000,0.000000,0.000000,80.472000,0.004000,0.030000,0.350000,0.143000,0.536000
295,0.991000,0.172000,1.210000,0.705000,0.000000,0.000000,81.151000,0.000000,0.030000,0.332000,0.142000,0.494000
296,0.964000,0.173000,1.231000,0.683000,0.000000,0.000000,81.423000,0.002000,0.025000,0.320000,0.133000,0.502000
297,0.972000,0.169000,1.259000,0.689000,0.000000,0.001000,81.570000,0.001000,0.011000,0.316000,0.145000,0.507000
298,1.161000,0.203000,1.566000,0.896000,0.000000,0.001000,103.413000,0.002000,0.006000,0.451000,0.182000,0.487000
299,1.338000,0.235000,1.627000,0.846000,0.000000,0.002000,106.589000,0.000000,0.000000,0.450000,0.183000,0.568000
300,1.175000,0.186000,1.399000,0.747000,0.000000,0.000000,99.604000,0.001000,0.020000,0.410000,0.168000,0.662000
301,1.401000,0.246000,1.731000,0.888000,0.000000,0.000000,114.523000,0.000000,0.000000,0.499000,0.180000,0.747000
302,1.131000,0.212000,1.301000,0.741000,0.000000,0.001000,100.823000,0.001000,0.010000,0.423000,0.152000,0.636000
303,1.416000,0.266000,1.720000,0.847000,0.000000,0.002000,113.475000,0.000000,0.000000,0.464000,0.189000,0.693000
304,1.156000,0.210000,1.357000,0.747000,0.000000,0.001000,100.943000,0.000000,0.000000,0.398000,0.151000,0.645000
305,1.170000,0.212000,1.377000,0.688000,0.000000,0.000000,98.317000,0.000000,0.000000,0.373000,0.150000,0.600000
306,1.137000,0.198000,1.373000,0.739000,0.000000,0.001000,100.279000,0.000000,0.000000,0.416000,0.158000,0.616000
307,0.966000,0.185000,1.193000,0.630000,0.000000,0.001000,79.882000,0.000000,0.000000,0.297000,0.132000,0.556000
308,0.949000,0.181000,1.169000,0.614000,0.000000,0.001000,79.043000,0.000000,0.000000,0.304000,0.144000,0.517000
309,0.950000,0.186000,1.162000,0.605000,0.000000,0.000000,79.020000,0.000000,0.000000,0.291000,0.127000,0.473000
310,0.934000,0.181000,1.145000,0.627000,0.000000,0.000000,78.863000,0.000000,0.000000,0.279000,0.134000,0.508000
311,0.947000,0.196000,1.137000,0.588000,0.000000,0.002000,78.870000,0.000000,0.000000,0.294000,0.143000,0.465000
312,0.967000,0.192000,1.142000,0.585000,0.000000,0.001000,79.766000,0.000000,0.000000,0.306000,0.141000,0.553000
313,1.155000,0.218000,1.324000,0.690000,0.000000,0.002000,97.652000,0.000000,0.000000,0.372000,0.164000,0.497000
314,1.053000,0.209000,1.271000,0.665000,0.000000,0.001000,87.374000,0.000000,0.000000,0.311000,0.147000,0.551000
315,1.178000,0.204000,1.243000,0.602000,0.000000,0.002000,98.524000,0.000000,0.000000,0.382000,0.136000,0.593000
316,1.163000,0.208000,1.254000,0.617000,0.000000,0.000000,97.842000,0.001000,0.009000,0.363000,0.126000,0.657000
317,1.090000,0.197000,1.158000,0.620000,0.000000,0.000000,85.472000,0.001000,0.006000,0.297000,0.152000,0.595000
